parcel_id,event,time,outfeed_id,num_outfeeds,event_name
16,0,0 days 00:00:00,,3,Arrival
149,0,0 days 00:00:00,,3,Arrival
133,0,0 days 00:00:00,,3,Arrival
1,0,0 days 00:00:01.212000,,3,Arrival
2,0,0 days 00:00:03.068000,,3,Arrival
16,1,0 days 00:00:07.875000,,3,EnterScanner
149,1,0 days 00:00:07.875000,,3,EnterScanner
133,1,0 days 00:00:07.875000,,3,EnterScanner
1,1,0 days 00:00:09.087000,,3,EnterScanner
2,1,0 days 00:00:10.943000,,3,EnterScanner
1,2,0 days 00:00:12.837000,0.0,3,EnterOutfeed
2,2,0 days 00:00:14.693000,0.0,3,EnterOutfeed
3,0,0 days 00:00:16.932000,,3,Arrival
16,2,0 days 00:00:17.875000,2.0,3,EnterOutfeed
149,2,0 days 00:00:17.875000,2.0,3,EnterOutfeed
133,2,0 days 00:00:17.875000,2.0,3,EnterOutfeed
4,0,0 days 00:00:18.731000,,3,Arrival
1,3,0 days 00:00:19.083623,0.0,3,ExitOutfeed
5,0,0 days 00:00:20.813000,,3,Arrival
3,1,0 days 00:00:24.807000,,3,EnterScanner
2,3,0 days 00:00:25.321990,0.0,3,ExitOutfeed
16,3,0 days 00:00:26.227082,2.0,3,ExitOutfeed
6,0,0 days 00:00:26.414000,,3,Arrival
4,1,0 days 00:00:26.606000,,3,EnterScanner
3,2,0 days 00:00:28.557000,0.0,3,EnterOutfeed
5,1,0 days 00:00:28.688000,,3,EnterScanner
7,0,0 days 00:00:29.630000,,3,Arrival
4,2,0 days 00:00:30.356000,0.0,3,EnterOutfeed
8,0,0 days 00:00:30.959000,,3,Arrival
149,3,0 days 00:00:32.363995,2.0,3,ExitOutfeed
5,2,0 days 00:00:32.438000,0.0,3,EnterOutfeed
9,0,0 days 00:00:32.477000,,3,Arrival
3,3,0 days 00:00:33.364834,0.0,3,ExitOutfeed
10,0,0 days 00:00:34.259000,,3,Arrival
6,1,0 days 00:00:34.289000,,3,EnterScanner
7,1,0 days 00:00:37.505000,,3,EnterScanner
11,0,0 days 00:00:37.512000,,3,Arrival
4,3,0 days 00:00:38.828086,0.0,3,ExitOutfeed
8,1,0 days 00:00:38.834000,,3,EnterScanner
133,3,0 days 00:00:39.172945,2.0,3,ExitOutfeed
12,0,0 days 00:00:39.517000,,3,Arrival
9,1,0 days 00:00:40.352000,,3,EnterScanner
7,2,0 days 00:00:41.255000,0.0,3,EnterOutfeed
10,1,0 days 00:00:42.134000,,3,EnterScanner
8,2,0 days 00:00:42.584000,0.0,3,EnterOutfeed
9,2,0 days 00:00:44.102000,0.0,3,EnterOutfeed
6,2,0 days 00:00:44.289000,2.0,3,EnterOutfeed
14,0,0 days 00:00:44.346000,,3,Arrival
11,1,0 days 00:00:45.387000,,3,EnterScanner
5,3,0 days 00:00:45.630329,0.0,3,ExitOutfeed
12,1,0 days 00:00:47.392000,,3,EnterScanner
10,2,0 days 00:00:49.009000,1.0,3,EnterOutfeed
6,3,0 days 00:00:49.917274,2.0,3,ExitOutfeed
14,1,0 days 00:00:52.221000,,3,EnterScanner
15,0,0 days 00:00:53.214000,,3,Arrival
7,3,0 days 00:00:53.906839,0.0,3,ExitOutfeed
10,3,0 days 00:00:55.358414,1.0,3,ExitOutfeed
11,2,0 days 00:00:55.387000,2.0,3,EnterOutfeed
14,2,0 days 00:00:55.971000,0.0,3,EnterOutfeed
17,0,0 days 00:00:57.215000,,3,Arrival
12,2,0 days 00:00:57.392000,2.0,3,EnterOutfeed
18,0,0 days 00:00:58.040000,,3,Arrival
11,3,0 days 00:01:00.840259,2.0,3,ExitOutfeed
19,0,0 days 00:01:01.077000,,3,Arrival
15,1,0 days 00:01:01.089000,,3,EnterScanner
8,3,0 days 00:01:02.803973,0.0,3,ExitOutfeed
15,2,0 days 00:01:04.839000,0.0,3,EnterOutfeed
17,1,0 days 00:01:05.090000,,3,EnterScanner
12,3,0 days 00:01:05.806434,2.0,3,ExitOutfeed
18,1,0 days 00:01:05.915000,,3,EnterScanner
19,1,0 days 00:01:08.952000,,3,EnterScanner
9,3,0 days 00:01:09.326652,0.0,3,ExitOutfeed
20,0,0 days 00:01:10.395000,,3,Arrival
19,2,0 days 00:01:12.702000,0.0,3,EnterOutfeed
21,0,0 days 00:01:12.724000,,3,Arrival
17,2,0 days 00:01:15.090000,2.0,3,EnterOutfeed
18,2,0 days 00:01:15.915000,2.0,3,EnterOutfeed
14,3,0 days 00:01:16.711341,0.0,3,ExitOutfeed
22,0,0 days 00:01:18.162000,,3,Arrival
20,1,0 days 00:01:18.270000,,3,EnterScanner
21,1,0 days 00:01:20.599000,,3,EnterScanner
17,3,0 days 00:01:21.573411,2.0,3,ExitOutfeed
23,0,0 days 00:01:22.471000,,3,Arrival
15,3,0 days 00:01:23.967166,0.0,3,ExitOutfeed
24,0,0 days 00:01:25.159000,,3,Arrival
22,1,0 days 00:01:26.037000,,3,EnterScanner
25,0,0 days 00:01:26.414000,,3,Arrival
18,3,0 days 00:01:26.811357,2.0,3,ExitOutfeed
20,2,0 days 00:01:28.270000,2.0,3,EnterOutfeed
27,0,0 days 00:01:29.028000,,3,Arrival
23,1,0 days 00:01:30.346000,,3,EnterScanner
21,2,0 days 00:01:30.599000,2.0,3,EnterOutfeed
28,0,0 days 00:01:31.774000,,3,Arrival
19,3,0 days 00:01:32.560722,0.0,3,ExitOutfeed
24,1,0 days 00:01:33.034000,,3,EnterScanner
29,0,0 days 00:01:33.355000,,3,Arrival
20,3,0 days 00:01:34.070029,2.0,3,ExitOutfeed
25,1,0 days 00:01:34.289000,,3,EnterScanner
22,2,0 days 00:01:36.037000,2.0,3,EnterOutfeed
27,1,0 days 00:01:36.903000,,3,EnterScanner
25,2,0 days 00:01:38.039000,0.0,3,EnterOutfeed
31,0,0 days 00:01:39.580000,,3,Arrival
28,1,0 days 00:01:39.649000,,3,EnterScanner
23,2,0 days 00:01:40.346000,2.0,3,EnterOutfeed
27,2,0 days 00:01:40.653000,0.0,3,EnterOutfeed
29,1,0 days 00:01:41.230000,,3,EnterScanner
21,3,0 days 00:01:42.615695,2.0,3,ExitOutfeed
24,2,0 days 00:01:43.034000,2.0,3,EnterOutfeed
28,2,0 days 00:01:43.399000,0.0,3,EnterOutfeed
29,2,0 days 00:01:44.980000,0.0,3,EnterOutfeed
25,3,0 days 00:01:45.926717,0.0,3,ExitOutfeed
31,1,0 days 00:01:47.455000,,3,EnterScanner
22,3,0 days 00:01:50.108087,2.0,3,ExitOutfeed
32,0,0 days 00:01:50.206000,,3,Arrival
31,2,0 days 00:01:51.205000,0.0,3,EnterOutfeed
33,0,0 days 00:01:51.377000,,3,Arrival
27,3,0 days 00:01:52.096246,0.0,3,ExitOutfeed
34,0,0 days 00:01:52.943000,,3,Arrival
23,3,0 days 00:01:55.807930,2.0,3,ExitOutfeed
35,0,0 days 00:01:57.153000,,3,Arrival
32,1,0 days 00:01:58.081000,,3,EnterScanner
33,1,0 days 00:01:59.252000,,3,EnterScanner
36,0,0 days 00:02:00.555000,,3,Arrival
34,1,0 days 00:02:00.818000,,3,EnterScanner
28,3,0 days 00:02:01.206219,0.0,3,ExitOutfeed
32,2,0 days 00:02:01.831000,0.0,3,EnterOutfeed
37,0,0 days 00:02:03.392000,,3,Arrival
24,3,0 days 00:02:03.904943,2.0,3,ExitOutfeed
38,0,0 days 00:02:04.318000,,3,Arrival
35,1,0 days 00:02:05.028000,,3,EnterScanner
39,0,0 days 00:02:05.743000,,3,Arrival
33,2,0 days 00:02:06.127000,1.0,3,EnterOutfeed
40,0,0 days 00:02:06.619000,,3,Arrival
36,1,0 days 00:02:08.430000,,3,EnterScanner
35,2,0 days 00:02:08.778000,0.0,3,EnterOutfeed
29,3,0 days 00:02:08.846371,0.0,3,ExitOutfeed
34,2,0 days 00:02:10.818000,2.0,3,EnterOutfeed
37,1,0 days 00:02:11.267000,,3,EnterScanner
41,0,0 days 00:02:11.742000,,3,Arrival
38,1,0 days 00:02:12.193000,,3,EnterScanner
42,0,0 days 00:02:12.747000,,3,Arrival
33,3,0 days 00:02:13.055150,1.0,3,ExitOutfeed
39,1,0 days 00:02:13.618000,,3,EnterScanner
40,1,0 days 00:02:14.494000,,3,EnterScanner
31,3,0 days 00:02:15.916311,0.0,3,ExitOutfeed
43,0,0 days 00:02:17.199000,,3,Arrival
36,2,0 days 00:02:18.430000,2.0,3,EnterOutfeed
38,2,0 days 00:02:19.068000,1.0,3,EnterOutfeed
41,1,0 days 00:02:19.617000,,3,EnterScanner
34,3,0 days 00:02:19.838529,2.0,3,ExitOutfeed
42,1,0 days 00:02:20.622000,,3,EnterScanner
44,0,0 days 00:02:21.197000,,3,Arrival
37,2,0 days 00:02:21.267000,2.0,3,EnterOutfeed
45,0,0 days 00:02:23.228000,,3,Arrival
32,3,0 days 00:02:23.348481,0.0,3,ExitOutfeed
39,2,0 days 00:02:23.618000,2.0,3,EnterOutfeed
38,3,0 days 00:02:24.370293,1.0,3,ExitOutfeed
42,2,0 days 00:02:24.372000,0.0,3,EnterOutfeed
40,2,0 days 00:02:24.494000,2.0,3,EnterOutfeed
43,1,0 days 00:02:25.074000,,3,EnterScanner
36,3,0 days 00:02:25.712004,2.0,3,ExitOutfeed
46,0,0 days 00:02:25.985000,,3,Arrival
35,3,0 days 00:02:28.693726,0.0,3,ExitOutfeed
43,2,0 days 00:02:28.824000,0.0,3,EnterOutfeed
44,1,0 days 00:02:29.072000,,3,EnterScanner
41,2,0 days 00:02:29.617000,2.0,3,EnterOutfeed
47,0,0 days 00:02:30.488000,,3,Arrival
45,1,0 days 00:02:31.103000,,3,EnterScanner
48,0,0 days 00:02:32.213000,,3,Arrival
37,3,0 days 00:02:33.842565,2.0,3,ExitOutfeed
46,1,0 days 00:02:33.860000,,3,EnterScanner
42,3,0 days 00:02:35.872774,0.0,3,ExitOutfeed
46,2,0 days 00:02:37.610000,0.0,3,EnterOutfeed
47,1,0 days 00:02:38.363000,,3,EnterScanner
49,0,0 days 00:02:38.984000,,3,Arrival
44,2,0 days 00:02:39.072000,2.0,3,EnterOutfeed
48,1,0 days 00:02:40.088000,,3,EnterScanner
50,0,0 days 00:02:40.330000,,3,Arrival
43,3,0 days 00:02:41.390503,0.0,3,ExitOutfeed
51,0,0 days 00:02:41.442000,,3,Arrival
47,2,0 days 00:02:42.113000,0.0,3,EnterOutfeed
52,0,0 days 00:02:42.776000,,3,Arrival
39,3,0 days 00:02:42.905312,2.0,3,ExitOutfeed
45,4,0 days 00:02:44.228000,,3,Recirculate
53,0,0 days 00:02:45.567000,,3,Arrival
49,1,0 days 00:02:46.859000,,3,EnterScanner
50,1,0 days 00:02:48.205000,,3,EnterScanner
46,3,0 days 00:02:48.478916,0.0,3,ExitOutfeed
54,0,0 days 00:02:48.857000,,3,Arrival
51,1,0 days 00:02:49.317000,,3,EnterScanner
52,1,0 days 00:02:50.651000,,3,EnterScanner
40,3,0 days 00:02:51.096800,2.0,3,ExitOutfeed
55,0,0 days 00:02:51.132000,,3,Arrival
51,2,0 days 00:02:53.067000,0.0,3,EnterOutfeed
48,4,0 days 00:02:53.213000,,3,Recirculate
53,1,0 days 00:02:53.442000,,3,EnterScanner
47,3,0 days 00:02:54.162060,0.0,3,ExitOutfeed
52,2,0 days 00:02:54.401000,0.0,3,EnterOutfeed
41,3,0 days 00:02:56.249506,2.0,3,ExitOutfeed
54,1,0 days 00:02:56.732000,,3,EnterScanner
49,2,0 days 00:02:56.859000,2.0,3,EnterOutfeed
53,2,0 days 00:02:57.192000,0.0,3,EnterOutfeed
56,0,0 days 00:02:57.680000,,3,Arrival
50,2,0 days 00:02:58.205000,2.0,3,EnterOutfeed
55,1,0 days 00:02:59.007000,,3,EnterScanner
51,3,0 days 00:03:00.492885,0.0,3,ExitOutfeed
57,0,0 days 00:03:02.515000,,3,Arrival
55,2,0 days 00:03:02.757000,0.0,3,EnterOutfeed
44,3,0 days 00:03:04.572452,2.0,3,ExitOutfeed
56,1,0 days 00:03:05.555000,,3,EnterScanner
54,2,0 days 00:03:06.732000,2.0,3,EnterOutfeed
52,3,0 days 00:03:07.584544,0.0,3,ExitOutfeed
45,1,0 days 00:03:07.728000,,3,EnterScanner
58,0,0 days 00:03:08.412000,,3,Arrival
56,2,0 days 00:03:09.305000,0.0,3,EnterOutfeed
57,1,0 days 00:03:10.390000,,3,EnterScanner
59,0,0 days 00:03:10.419000,,3,Arrival
49,3,0 days 00:03:11.694388,2.0,3,ExitOutfeed
60,0,0 days 00:03:12.188000,,3,Arrival
53,3,0 days 00:03:12.257313,0.0,3,ExitOutfeed
61,0,0 days 00:03:13.803000,,3,Arrival
58,1,0 days 00:03:16.287000,,3,EnterScanner
48,1,0 days 00:03:16.713000,,3,EnterScanner
50,3,0 days 00:03:17.342489,2.0,3,ExitOutfeed
55,3,0 days 00:03:17.370684,0.0,3,ExitOutfeed
45,2,0 days 00:03:17.728000,2.0,3,EnterOutfeed
59,1,0 days 00:03:18.294000,,3,EnterScanner
62,0,0 days 00:03:19.740000,,3,Arrival
58,2,0 days 00:03:20.037000,0.0,3,EnterOutfeed
60,1,0 days 00:03:20.063000,,3,EnterScanner
57,2,0 days 00:03:20.390000,2.0,3,EnterOutfeed
63,0,0 days 00:03:20.784000,,3,Arrival
61,1,0 days 00:03:21.678000,,3,EnterScanner
56,3,0 days 00:03:25.325266,0.0,3,ExitOutfeed
54,3,0 days 00:03:25.782790,2.0,3,ExitOutfeed
48,2,0 days 00:03:26.713000,2.0,3,EnterOutfeed
64,0,0 days 00:03:26.927000,,3,Arrival
62,1,0 days 00:03:27.615000,,3,EnterScanner
59,2,0 days 00:03:28.294000,2.0,3,EnterOutfeed
63,1,0 days 00:03:28.659000,,3,EnterScanner
60,2,0 days 00:03:30.063000,2.0,3,EnterOutfeed
65,0,0 days 00:03:31.507000,,3,Arrival
61,2,0 days 00:03:31.678000,2.0,3,EnterOutfeed
45,3,0 days 00:03:32.800566,2.0,3,ExitOutfeed
66,0,0 days 00:03:33.139000,,3,Arrival
58,3,0 days 00:03:33.971007,0.0,3,ExitOutfeed
62,2,0 days 00:03:34.490000,1.0,3,EnterOutfeed
64,1,0 days 00:03:34.802000,,3,EnterScanner
65,1,0 days 00:03:39.382000,,3,EnterScanner
57,3,0 days 00:03:39.547150,2.0,3,ExitOutfeed
66,1,0 days 00:03:41.014000,,3,EnterScanner
64,2,0 days 00:03:41.677000,1.0,3,EnterOutfeed
63,4,0 days 00:03:41.784000,,3,Recirculate
62,3,0 days 00:03:42.115230,1.0,3,ExitOutfeed
67,0,0 days 00:03:43.211000,,3,Arrival
68,0,0 days 00:03:45.198000,,3,Arrival
48,3,0 days 00:03:47.219195,2.0,3,ExitOutfeed
69,0,0 days 00:03:47.571000,,3,Arrival
70,0,0 days 00:03:48.739000,,3,Arrival
64,3,0 days 00:03:49.267233,1.0,3,ExitOutfeed
67,1,0 days 00:03:51.086000,,3,EnterScanner
65,4,0 days 00:03:52.507000,,3,Recirculate
68,1,0 days 00:03:53.073000,,3,EnterScanner
71,0,0 days 00:03:53.288000,,3,Arrival
66,4,0 days 00:03:54.139000,,3,Recirculate
72,0,0 days 00:03:54.511000,,3,Arrival
67,2,0 days 00:03:54.836000,0.0,3,EnterOutfeed
59,3,0 days 00:03:55.019156,2.0,3,ExitOutfeed
69,1,0 days 00:03:55.446000,,3,EnterScanner
70,1,0 days 00:03:56.614000,,3,EnterScanner
73,0,0 days 00:03:58.123000,,3,Arrival
60,3,0 days 00:04:01.090907,2.0,3,ExitOutfeed
71,1,0 days 00:04:01.163000,,3,EnterScanner
67,3,0 days 00:04:01.241061,0.0,3,ExitOutfeed
72,1,0 days 00:04:02.386000,,3,EnterScanner
68,2,0 days 00:04:03.073000,2.0,3,EnterOutfeed
63,1,0 days 00:04:05.284000,,3,EnterScanner
69,2,0 days 00:04:05.446000,2.0,3,EnterOutfeed
73,1,0 days 00:04:05.998000,,3,EnterScanner
70,2,0 days 00:04:06.614000,2.0,3,EnterOutfeed
61,3,0 days 00:04:07.396787,2.0,3,ExitOutfeed
71,2,0 days 00:04:11.163000,2.0,3,EnterOutfeed
74,0,0 days 00:04:11.646000,,3,Arrival
72,2,0 days 00:04:12.386000,2.0,3,EnterOutfeed
68,3,0 days 00:04:13.022349,2.0,3,ExitOutfeed
76,0,0 days 00:04:14.539000,,3,Arrival
63,2,0 days 00:04:15.284000,2.0,3,EnterOutfeed
73,2,0 days 00:04:15.998000,2.0,3,EnterOutfeed
65,1,0 days 00:04:16.007000,,3,EnterScanner
66,1,0 days 00:04:17.639000,,3,EnterScanner
74,1,0 days 00:04:19.521000,,3,EnterScanner
69,3,0 days 00:04:19.911293,2.0,3,ExitOutfeed
77,0,0 days 00:04:19.977000,,3,Arrival
78,0,0 days 00:04:22.383000,,3,Arrival
76,1,0 days 00:04:22.414000,,3,EnterScanner
79,0,0 days 00:04:24.198000,,3,Arrival
80,0,0 days 00:04:26.248000,,3,Arrival
74,2,0 days 00:04:26.396000,1.0,3,EnterOutfeed
70,3,0 days 00:04:27.794520,2.0,3,ExitOutfeed
77,1,0 days 00:04:27.852000,,3,EnterScanner
65,4,0 days 00:04:29.132000,,3,Recirculate
78,1,0 days 00:04:30.258000,,3,EnterScanner
66,4,0 days 00:04:30.764000,,3,Recirculate
79,1,0 days 00:04:32.073000,,3,EnterScanner
71,3,0 days 00:04:32.707481,2.0,3,ExitOutfeed
81,0,0 days 00:04:33.265000,,3,Arrival
74,3,0 days 00:04:33.571839,1.0,3,ExitOutfeed
78,2,0 days 00:04:34.008000,0.0,3,EnterOutfeed
80,1,0 days 00:04:34.123000,,3,EnterScanner
77,2,0 days 00:04:34.727000,1.0,3,EnterOutfeed
76,4,0 days 00:04:35.539000,,3,Recirculate
79,2,0 days 00:04:35.823000,0.0,3,EnterOutfeed
80,2,0 days 00:04:37.873000,0.0,3,EnterOutfeed
72,3,0 days 00:04:39.825111,2.0,3,ExitOutfeed
81,1,0 days 00:04:41.140000,,3,EnterScanner
82,0,0 days 00:04:41.284000,,3,Arrival
78,3,0 days 00:04:41.368115,0.0,3,ExitOutfeed
83,0,0 days 00:04:42.780000,,3,Arrival
77,3,0 days 00:04:42.968385,1.0,3,ExitOutfeed
84,0,0 days 00:04:43.761000,,3,Arrival
81,2,0 days 00:04:44.890000,0.0,3,EnterOutfeed
79,3,0 days 00:04:47.801222,0.0,3,ExitOutfeed
63,3,0 days 00:04:48.266447,2.0,3,ExitOutfeed
82,1,0 days 00:04:49.159000,,3,EnterScanner
83,1,0 days 00:04:50.655000,,3,EnterScanner
85,0,0 days 00:04:51.018000,,3,Arrival
84,1,0 days 00:04:51.636000,,3,EnterScanner
86,0,0 days 00:04:52.506000,,3,Arrival
65,1,0 days 00:04:52.632000,,3,EnterScanner
80,3,0 days 00:04:52.718164,0.0,3,ExitOutfeed
66,1,0 days 00:04:54.264000,,3,EnterScanner
84,2,0 days 00:04:55.386000,0.0,3,EnterOutfeed
73,3,0 days 00:04:55.476124,2.0,3,ExitOutfeed
83,2,0 days 00:04:57.530000,1.0,3,EnterOutfeed
87,0,0 days 00:04:57.992000,,3,Arrival
85,1,0 days 00:04:58.893000,,3,EnterScanner
76,1,0 days 00:04:59.039000,,3,EnterScanner
82,2,0 days 00:04:59.159000,2.0,3,EnterOutfeed
81,3,0 days 00:05:00.010980,0.0,3,ExitOutfeed
86,1,0 days 00:05:00.381000,,3,EnterScanner
65,2,0 days 00:05:02.632000,2.0,3,EnterOutfeed
85,2,0 days 00:05:02.643000,0.0,3,EnterOutfeed
88,0,0 days 00:05:02.769000,,3,Arrival
86,2,0 days 00:05:04.131000,0.0,3,EnterOutfeed
66,2,0 days 00:05:04.264000,2.0,3,EnterOutfeed
83,3,0 days 00:05:04.793314,1.0,3,ExitOutfeed
84,3,0 days 00:05:04.924717,0.0,3,ExitOutfeed
82,3,0 days 00:05:05.123916,2.0,3,ExitOutfeed
87,1,0 days 00:05:05.867000,,3,EnterScanner
76,2,0 days 00:05:09.039000,2.0,3,EnterOutfeed
88,1,0 days 00:05:10.644000,,3,EnterScanner
89,0,0 days 00:05:11.654000,,3,Arrival
85,3,0 days 00:05:12.162902,0.0,3,ExitOutfeed
90,0,0 days 00:05:12.649000,,3,Arrival
65,3,0 days 00:05:13.459227,2.0,3,ExitOutfeed
87,2,0 days 00:05:15.867000,2.0,3,EnterOutfeed
91,0,0 days 00:05:16.360000,,3,Arrival
86,3,0 days 00:05:19.135806,0.0,3,ExitOutfeed
89,1,0 days 00:05:19.529000,,3,EnterScanner
66,3,0 days 00:05:20.208539,2.0,3,ExitOutfeed
92,0,0 days 00:05:20.374000,,3,Arrival
90,1,0 days 00:05:20.524000,,3,EnterScanner
88,2,0 days 00:05:20.644000,2.0,3,EnterOutfeed
93,0,0 days 00:05:22.591000,,3,Arrival
94,0,0 days 00:05:24.089000,,3,Arrival
91,1,0 days 00:05:24.235000,,3,EnterScanner
90,2,0 days 00:05:24.274000,0.0,3,EnterOutfeed
95,0,0 days 00:05:25.933000,,3,Arrival
96,0,0 days 00:05:27.543000,,3,Arrival
76,3,0 days 00:05:28.038663,2.0,3,ExitOutfeed
92,1,0 days 00:05:28.249000,,3,EnterScanner
89,2,0 days 00:05:29.529000,2.0,3,EnterOutfeed
93,1,0 days 00:05:30.466000,,3,EnterScanner
97,0,0 days 00:05:30.835000,,3,Arrival
91,2,0 days 00:05:31.110000,1.0,3,EnterOutfeed
90,3,0 days 00:05:31.834604,0.0,3,ExitOutfeed
94,1,0 days 00:05:31.964000,,3,EnterScanner
98,0,0 days 00:05:32.919000,,3,Arrival
95,1,0 days 00:05:33.808000,,3,EnterScanner
93,2,0 days 00:05:34.216000,0.0,3,EnterOutfeed
92,2,0 days 00:05:35.124000,1.0,3,EnterOutfeed
96,1,0 days 00:05:35.418000,,3,EnterScanner
94,2,0 days 00:05:35.714000,0.0,3,EnterOutfeed
87,3,0 days 00:05:36.613318,2.0,3,ExitOutfeed
91,3,0 days 00:05:37.268857,1.0,3,ExitOutfeed
97,1,0 days 00:05:38.710000,,3,EnterScanner
99,0,0 days 00:05:38.805000,,3,Arrival
98,1,0 days 00:05:40.794000,,3,EnterScanner
93,3,0 days 00:05:41.956296,0.0,3,ExitOutfeed
96,2,0 days 00:05:42.293000,1.0,3,EnterOutfeed
100,0,0 days 00:05:42.961000,,3,Arrival
88,3,0 days 00:05:43.765181,2.0,3,ExitOutfeed
95,2,0 days 00:05:43.808000,2.0,3,EnterOutfeed
92,3,0 days 00:05:44.105024,1.0,3,ExitOutfeed
97,2,0 days 00:05:45.585000,1.0,3,EnterOutfeed
99,1,0 days 00:05:46.680000,,3,EnterScanner
94,3,0 days 00:05:48.613788,0.0,3,ExitOutfeed
96,3,0 days 00:05:49.514228,1.0,3,ExitOutfeed
89,3,0 days 00:05:49.863175,2.0,3,ExitOutfeed
101,0,0 days 00:05:50.278000,,3,Arrival
99,2,0 days 00:05:50.430000,0.0,3,EnterOutfeed
98,2,0 days 00:05:50.794000,2.0,3,EnterOutfeed
100,1,0 days 00:05:50.836000,,3,EnterScanner
102,0,0 days 00:05:51.652000,,3,Arrival
104,0,0 days 00:05:55.730000,,3,Arrival
95,3,0 days 00:05:57.095514,2.0,3,ExitOutfeed
99,3,0 days 00:05:57.556265,0.0,3,ExitOutfeed
97,3,0 days 00:05:58.109430,1.0,3,ExitOutfeed
101,1,0 days 00:05:58.153000,,3,EnterScanner
105,0,0 days 00:05:58.504000,,3,Arrival
106,0,0 days 00:05:59.379000,,3,Arrival
102,1,0 days 00:05:59.527000,,3,EnterScanner
100,2,0 days 00:06:00.836000,2.0,3,EnterOutfeed
107,0,0 days 00:06:01.306000,,3,Arrival
101,2,0 days 00:06:01.903000,0.0,3,EnterOutfeed
102,2,0 days 00:06:03.277000,0.0,3,EnterOutfeed
104,1,0 days 00:06:03.605000,,3,EnterScanner
98,3,0 days 00:06:04.854620,2.0,3,ExitOutfeed
105,1,0 days 00:06:06.379000,,3,EnterScanner
106,1,0 days 00:06:07.254000,,3,EnterScanner
104,2,0 days 00:06:07.355000,0.0,3,EnterOutfeed
101,3,0 days 00:06:08.969012,0.0,3,ExitOutfeed
107,1,0 days 00:06:09.181000,,3,EnterScanner
108,0,0 days 00:06:09.872000,,3,Arrival
109,0,0 days 00:06:10.773000,,3,Arrival
106,2,0 days 00:06:11.004000,0.0,3,EnterOutfeed
100,3,0 days 00:06:12.232297,2.0,3,ExitOutfeed
110,0,0 days 00:06:12.290000,,3,Arrival
111,0,0 days 00:06:13.152000,,3,Arrival
112,0,0 days 00:06:15.420000,,3,Arrival
107,2,0 days 00:06:16.056000,1.0,3,EnterOutfeed
105,2,0 days 00:06:16.379000,2.0,3,EnterOutfeed
108,1,0 days 00:06:17.747000,,3,EnterScanner
102,3,0 days 00:06:18.011557,0.0,3,ExitOutfeed
113,0,0 days 00:06:18.168000,,3,Arrival
109,1,0 days 00:06:18.648000,,3,EnterScanner
110,1,0 days 00:06:20.165000,,3,EnterScanner
107,3,0 days 00:06:20.885135,1.0,3,ExitOutfeed
111,1,0 days 00:06:21.027000,,3,EnterScanner
114,0,0 days 00:06:22.259000,,3,Arrival
105,3,0 days 00:06:23.270864,2.0,3,ExitOutfeed
112,1,0 days 00:06:23.295000,,3,EnterScanner
108,2,0 days 00:06:24.622000,1.0,3,EnterOutfeed
115,0,0 days 00:06:25.552000,,3,Arrival
104,3,0 days 00:06:25.949966,0.0,3,ExitOutfeed
113,1,0 days 00:06:26.043000,,3,EnterScanner
116,0,0 days 00:06:27.826000,,3,Arrival
109,2,0 days 00:06:28.648000,2.0,3,EnterOutfeed
113,2,0 days 00:06:29.793000,0.0,3,EnterOutfeed
114,1,0 days 00:06:30.134000,,3,EnterScanner
110,2,0 days 00:06:30.165000,2.0,3,EnterOutfeed
111,2,0 days 00:06:31.027000,2.0,3,EnterOutfeed
108,3,0 days 00:06:32.190724,1.0,3,ExitOutfeed
106,3,0 days 00:06:32.356214,0.0,3,ExitOutfeed
112,2,0 days 00:06:33.295000,2.0,3,EnterOutfeed
115,1,0 days 00:06:33.427000,,3,EnterScanner
117,0,0 days 00:06:34.027000,,3,Arrival
109,3,0 days 00:06:34.168029,2.0,3,ExitOutfeed
116,1,0 days 00:06:35.701000,,3,EnterScanner
115,2,0 days 00:06:37.177000,0.0,3,EnterOutfeed
118,0,0 days 00:06:37.851000,,3,Arrival
113,3,0 days 00:06:38.040585,0.0,3,ExitOutfeed
114,2,0 days 00:06:40.134000,2.0,3,EnterOutfeed
110,3,0 days 00:06:41.680199,2.0,3,ExitOutfeed
117,1,0 days 00:06:41.902000,,3,EnterScanner
117,2,0 days 00:06:45.652000,0.0,3,EnterOutfeed
116,2,0 days 00:06:45.701000,2.0,3,EnterOutfeed
118,1,0 days 00:06:45.726000,,3,EnterScanner
115,3,0 days 00:06:45.903842,0.0,3,ExitOutfeed
111,3,0 days 00:06:46.747572,2.0,3,ExitOutfeed
119,0,0 days 00:06:47.940000,,3,Arrival
120,0,0 days 00:06:49.811000,,3,Arrival
112,3,0 days 00:06:51.524294,2.0,3,ExitOutfeed
117,3,0 days 00:06:51.733728,0.0,3,ExitOutfeed
121,0,0 days 00:06:52.392000,,3,Arrival
122,0,0 days 00:06:54.646000,,3,Arrival
118,2,0 days 00:06:55.726000,2.0,3,EnterOutfeed
119,1,0 days 00:06:55.815000,,3,EnterScanner
123,0,0 days 00:06:56.510000,,3,Arrival
120,1,0 days 00:06:57.686000,,3,EnterScanner
114,3,0 days 00:06:58.697627,2.0,3,ExitOutfeed
124,0,0 days 00:06:59.728000,,3,Arrival
121,1,0 days 00:07:00.267000,,3,EnterScanner
120,2,0 days 00:07:01.436000,0.0,3,EnterOutfeed
125,0,0 days 00:07:01.974000,,3,Arrival
122,1,0 days 00:07:02.521000,,3,EnterScanner
123,1,0 days 00:07:04.385000,,3,EnterScanner
119,2,0 days 00:07:05.815000,2.0,3,EnterOutfeed
116,3,0 days 00:07:05.902778,2.0,3,ExitOutfeed
126,0,0 days 00:07:06.860000,,3,Arrival
124,1,0 days 00:07:07.603000,,3,EnterScanner
123,2,0 days 00:07:08.135000,0.0,3,EnterOutfeed
120,3,0 days 00:07:08.193946,0.0,3,ExitOutfeed
125,1,0 days 00:07:09.849000,,3,EnterScanner
121,2,0 days 00:07:10.267000,2.0,3,EnterOutfeed
127,0,0 days 00:07:10.469000,,3,Arrival
118,3,0 days 00:07:12.357027,2.0,3,ExitOutfeed
122,2,0 days 00:07:12.521000,2.0,3,EnterOutfeed
128,0,0 days 00:07:13.763000,,3,Arrival
126,1,0 days 00:07:14.735000,,3,EnterScanner
123,3,0 days 00:07:15.287897,0.0,3,ExitOutfeed
119,3,0 days 00:07:17.235716,2.0,3,ExitOutfeed
129,0,0 days 00:07:17.584000,,3,Arrival
124,2,0 days 00:07:17.603000,2.0,3,EnterOutfeed
127,1,0 days 00:07:18.344000,,3,EnterScanner
126,2,0 days 00:07:18.485000,0.0,3,EnterOutfeed
125,2,0 days 00:07:19.849000,2.0,3,EnterOutfeed
130,0,0 days 00:07:21.241000,,3,Arrival
128,1,0 days 00:07:21.638000,,3,EnterScanner
127,2,0 days 00:07:22.094000,0.0,3,EnterOutfeed
121,3,0 days 00:07:24.833711,2.0,3,ExitOutfeed
131,0,0 days 00:07:25.094000,,3,Arrival
129,1,0 days 00:07:25.459000,,3,EnterScanner
126,3,0 days 00:07:25.891525,0.0,3,ExitOutfeed
132,0,0 days 00:07:26.687000,,3,Arrival
130,1,0 days 00:07:29.116000,,3,EnterScanner
122,3,0 days 00:07:32.686992,2.0,3,ExitOutfeed
131,1,0 days 00:07:32.969000,,3,EnterScanner
127,3,0 days 00:07:34.365988,0.0,3,ExitOutfeed
132,1,0 days 00:07:34.562000,,3,EnterScanner
128,4,0 days 00:07:34.763000,,3,Recirculate
129,2,0 days 00:07:35.459000,2.0,3,EnterOutfeed
131,2,0 days 00:07:36.719000,0.0,3,EnterOutfeed
132,2,0 days 00:07:38.312000,0.0,3,EnterOutfeed
124,3,0 days 00:07:38.887697,2.0,3,ExitOutfeed
130,2,0 days 00:07:39.116000,2.0,3,EnterOutfeed
134,0,0 days 00:07:39.244000,,3,Arrival
135,0,0 days 00:07:40.723000,,3,Arrival
131,3,0 days 00:07:43.069153,0.0,3,ExitOutfeed
125,3,0 days 00:07:44.606192,2.0,3,ExitOutfeed
136,0,0 days 00:07:45.231000,,3,Arrival
134,1,0 days 00:07:47.119000,,3,EnterScanner
135,1,0 days 00:07:48.598000,,3,EnterScanner
137,0,0 days 00:07:48.959000,,3,Arrival
132,3,0 days 00:07:50.550262,0.0,3,ExitOutfeed
134,2,0 days 00:07:50.869000,0.0,3,EnterOutfeed
129,3,0 days 00:07:51.459513,2.0,3,ExitOutfeed
138,0,0 days 00:07:51.513000,,3,Arrival
136,1,0 days 00:07:53.106000,,3,EnterScanner
139,0,0 days 00:07:53.775000,,3,Arrival
140,0,0 days 00:07:55.660000,,3,Arrival
134,3,0 days 00:07:56.072076,0.0,3,ExitOutfeed
137,1,0 days 00:07:56.834000,,3,EnterScanner
130,3,0 days 00:07:58.089953,2.0,3,ExitOutfeed
128,1,0 days 00:07:58.263000,,3,EnterScanner
135,2,0 days 00:07:58.598000,2.0,3,EnterOutfeed
138,1,0 days 00:07:59.388000,,3,EnterScanner
136,2,0 days 00:07:59.981000,1.0,3,EnterOutfeed
137,2,0 days 00:08:00.584000,0.0,3,EnterOutfeed
139,1,0 days 00:08:01.650000,,3,EnterScanner
140,1,0 days 00:08:03.535000,,3,EnterScanner
141,0,0 days 00:08:04.470000,,3,Arrival
139,2,0 days 00:08:05.400000,0.0,3,EnterOutfeed
142,0,0 days 00:08:06.258000,,3,Arrival
135,3,0 days 00:08:06.260017,2.0,3,ExitOutfeed
140,2,0 days 00:08:07.285000,0.0,3,EnterOutfeed
137,3,0 days 00:08:07.392151,0.0,3,ExitOutfeed
136,3,0 days 00:08:07.674945,1.0,3,ExitOutfeed
128,2,0 days 00:08:08.263000,2.0,3,EnterOutfeed
138,2,0 days 00:08:09.388000,2.0,3,EnterOutfeed
143,0,0 days 00:08:09.486000,,3,Arrival
141,1,0 days 00:08:12.345000,,3,EnterScanner
139,3,0 days 00:08:13.386282,0.0,3,ExitOutfeed
142,1,0 days 00:08:14.133000,,3,EnterScanner
144,0,0 days 00:08:14.516000,,3,Arrival
141,2,0 days 00:08:16.095000,0.0,3,EnterOutfeed
128,3,0 days 00:08:17.015420,2.0,3,ExitOutfeed
143,1,0 days 00:08:17.361000,,3,EnterScanner
142,2,0 days 00:08:17.883000,0.0,3,EnterOutfeed
145,0,0 days 00:08:17.998000,,3,Arrival
146,0,0 days 00:08:19.250000,,3,Arrival
140,3,0 days 00:08:20.020178,0.0,3,ExitOutfeed
147,0,0 days 00:08:21.456000,,3,Arrival
144,1,0 days 00:08:22.391000,,3,EnterScanner
138,3,0 days 00:08:22.931785,2.0,3,ExitOutfeed
141,3,0 days 00:08:24.971751,0.0,3,ExitOutfeed
148,0,0 days 00:08:25.358000,,3,Arrival
145,1,0 days 00:08:25.873000,,3,EnterScanner
146,1,0 days 00:08:27.125000,,3,EnterScanner
143,2,0 days 00:08:27.361000,2.0,3,EnterOutfeed
147,1,0 days 00:08:29.331000,,3,EnterScanner
150,0,0 days 00:08:29.647000,,3,Arrival
146,2,0 days 00:08:30.875000,0.0,3,EnterOutfeed
142,3,0 days 00:08:31.632904,0.0,3,ExitOutfeed
144,2,0 days 00:08:32.391000,2.0,3,EnterOutfeed
143,3,0 days 00:08:32.981232,2.0,3,ExitOutfeed
147,2,0 days 00:08:33.081000,0.0,3,EnterOutfeed
148,1,0 days 00:08:33.233000,,3,EnterScanner
151,0,0 days 00:08:34.963000,,3,Arrival
145,2,0 days 00:08:35.873000,2.0,3,EnterOutfeed
152,0,0 days 00:08:36.642000,,3,Arrival
150,1,0 days 00:08:37.522000,,3,EnterScanner
146,3,0 days 00:08:38.445102,0.0,3,ExitOutfeed
153,0,0 days 00:08:39.143000,,3,Arrival
144,3,0 days 00:08:39.881565,2.0,3,ExitOutfeed
154,0,0 days 00:08:40.890000,,3,Arrival
150,2,0 days 00:08:41.272000,0.0,3,EnterOutfeed
151,1,0 days 00:08:42.838000,,3,EnterScanner
148,2,0 days 00:08:43.233000,2.0,3,EnterOutfeed
152,1,0 days 00:08:44.517000,,3,EnterScanner
145,3,0 days 00:08:45.114111,2.0,3,ExitOutfeed
147,3,0 days 00:08:45.841510,0.0,3,ExitOutfeed
151,2,0 days 00:08:46.588000,0.0,3,EnterOutfeed
153,1,0 days 00:08:47.018000,,3,EnterScanner
155,0,0 days 00:08:47.649000,,3,Arrival
152,2,0 days 00:08:48.267000,0.0,3,EnterOutfeed
154,1,0 days 00:08:48.765000,,3,EnterScanner
156,0,0 days 00:08:51.873000,,3,Arrival
150,3,0 days 00:08:51.959626,0.0,3,ExitOutfeed
148,3,0 days 00:08:53.205015,2.0,3,ExitOutfeed
155,1,0 days 00:08:55.524000,,3,EnterScanner
153,2,0 days 00:08:57.018000,2.0,3,EnterOutfeed
151,3,0 days 00:08:58.054666,0.0,3,ExitOutfeed
154,2,0 days 00:08:58.765000,2.0,3,EnterOutfeed
155,2,0 days 00:08:59.274000,0.0,3,EnterOutfeed
157,0,0 days 00:08:59.570000,,3,Arrival
156,1,0 days 00:08:59.748000,,3,EnterScanner
158,0,0 days 00:09:01.102000,,3,Arrival
153,3,0 days 00:09:03.288623,2.0,3,ExitOutfeed
152,3,0 days 00:09:03.682086,0.0,3,ExitOutfeed
159,0,0 days 00:09:05.926000,,3,Arrival
156,2,0 days 00:09:06.623000,1.0,3,EnterOutfeed
157,1,0 days 00:09:07.445000,,3,EnterScanner
158,1,0 days 00:09:08.977000,,3,EnterScanner
154,3,0 days 00:09:09.646971,2.0,3,ExitOutfeed
157,2,0 days 00:09:11.195000,0.0,3,EnterOutfeed
155,3,0 days 00:09:11.820546,0.0,3,ExitOutfeed
158,2,0 days 00:09:12.727000,0.0,3,EnterOutfeed
156,3,0 days 00:09:12.827602,1.0,3,ExitOutfeed
159,1,0 days 00:09:13.801000,,3,EnterScanner
157,3,0 days 00:09:17.194351,0.0,3,ExitOutfeed
159,2,0 days 00:09:17.551000,0.0,3,EnterOutfeed
160,0,0 days 00:09:17.599000,,3,Arrival
161,0,0 days 00:09:20.597000,,3,Arrival
158,3,0 days 00:09:23.432471,0.0,3,ExitOutfeed
160,1,0 days 00:09:25.474000,,3,EnterScanner
162,0,0 days 00:09:25.560000,,3,Arrival
161,1,0 days 00:09:28.472000,,3,EnterScanner
160,2,0 days 00:09:29.224000,0.0,3,EnterOutfeed
163,0,0 days 00:09:29.756000,,3,Arrival
159,3,0 days 00:09:30.459188,0.0,3,ExitOutfeed
162,1,0 days 00:09:33.435000,,3,EnterScanner
164,0,0 days 00:09:34.527000,,3,Arrival
163,1,0 days 00:09:37.631000,,3,EnterScanner
160,3,0 days 00:09:37.742401,0.0,3,ExitOutfeed
161,2,0 days 00:09:38.472000,2.0,3,EnterOutfeed
162,2,0 days 00:09:40.310000,1.0,3,EnterOutfeed
163,2,0 days 00:09:41.381000,0.0,3,EnterOutfeed
164,1,0 days 00:09:42.402000,,3,EnterScanner
165,0,0 days 00:09:42.773000,,3,Arrival
166,0,0 days 00:09:44.503000,,3,Arrival
161,3,0 days 00:09:45.414314,2.0,3,ExitOutfeed
162,3,0 days 00:09:47.476997,1.0,3,ExitOutfeed
163,3,0 days 00:09:49.561145,0.0,3,ExitOutfeed
165,1,0 days 00:09:50.648000,,3,EnterScanner
166,1,0 days 00:09:52.378000,,3,EnterScanner
164,2,0 days 00:09:52.402000,2.0,3,EnterOutfeed
167,0,0 days 00:09:53.885000,,3,Arrival
165,2,0 days 00:09:54.398000,0.0,3,EnterOutfeed
168,0,0 days 00:09:55.139000,,3,Arrival
169,0,0 days 00:09:56.083000,,3,Arrival
166,2,0 days 00:09:56.128000,0.0,3,EnterOutfeed
170,0,0 days 00:09:57.299000,,3,Arrival
171,0,0 days 00:09:58.754000,,3,Arrival
164,3,0 days 00:10:00.443708,2.0,3,ExitOutfeed
167,1,0 days 00:10:01.760000,,3,EnterScanner
165,3,0 days 00:10:02.361941,0.0,3,ExitOutfeed
172,0,0 days 00:10:02.384000,,3,Arrival
168,1,0 days 00:10:03.014000,,3,EnterScanner
169,1,0 days 00:10:03.958000,,3,EnterScanner
173,0,0 days 00:10:05.097000,,3,Arrival
170,1,0 days 00:10:05.174000,,3,EnterScanner
167,2,0 days 00:10:05.510000,0.0,3,EnterOutfeed
174,0,0 days 00:10:06.318000,,3,Arrival
171,1,0 days 00:10:06.629000,,3,EnterScanner
175,0,0 days 00:10:07.556000,,3,Arrival
169,2,0 days 00:10:07.708000,0.0,3,EnterOutfeed
166,3,0 days 00:10:07.943913,0.0,3,ExitOutfeed
172,1,0 days 00:10:10.259000,,3,EnterScanner
171,2,0 days 00:10:10.379000,0.0,3,EnterOutfeed
170,2,0 days 00:10:12.049000,1.0,3,EnterOutfeed
173,1,0 days 00:10:12.972000,,3,EnterScanner
168,2,0 days 00:10:13.014000,2.0,3,EnterOutfeed
167,3,0 days 00:10:13.048950,0.0,3,ExitOutfeed
172,2,0 days 00:10:14.009000,0.0,3,EnterOutfeed
174,1,0 days 00:10:14.193000,,3,EnterScanner
176,0,0 days 00:10:15.405000,,3,Arrival
175,1,0 days 00:10:15.431000,,3,EnterScanner
177,0,0 days 00:10:16.651000,,3,Arrival
175,2,0 days 00:10:19.181000,0.0,3,EnterOutfeed
170,3,0 days 00:10:20.245942,1.0,3,ExitOutfeed
169,3,0 days 00:10:20.757469,0.0,3,ExitOutfeed
178,0,0 days 00:10:20.788000,,3,Arrival
174,2,0 days 00:10:21.068000,1.0,3,EnterOutfeed
168,3,0 days 00:10:21.257590,2.0,3,ExitOutfeed
173,2,0 days 00:10:22.972000,2.0,3,EnterOutfeed
176,1,0 days 00:10:23.280000,,3,EnterScanner
177,1,0 days 00:10:24.526000,,3,EnterScanner
179,0,0 days 00:10:25.342000,,3,Arrival
174,3,0 days 00:10:26.222622,1.0,3,ExitOutfeed
171,3,0 days 00:10:27.673127,0.0,3,ExitOutfeed
180,0,0 days 00:10:28.213000,,3,Arrival
173,3,0 days 00:10:28.630164,2.0,3,ExitOutfeed
178,1,0 days 00:10:28.663000,,3,EnterScanner
176,2,0 days 00:10:30.155000,1.0,3,EnterOutfeed
179,1,0 days 00:10:33.217000,,3,EnterScanner
172,3,0 days 00:10:34.464695,0.0,3,ExitOutfeed
177,2,0 days 00:10:34.526000,2.0,3,EnterOutfeed
180,1,0 days 00:10:36.088000,,3,EnterScanner
176,3,0 days 00:10:38.462925,1.0,3,ExitOutfeed
178,2,0 days 00:10:38.663000,2.0,3,EnterOutfeed
181,0,0 days 00:10:38.672000,,3,Arrival
182,0,0 days 00:10:39.726000,,3,Arrival
180,2,0 days 00:10:39.838000,0.0,3,EnterOutfeed
179,2,0 days 00:10:40.092000,1.0,3,EnterOutfeed
175,3,0 days 00:10:40.111669,0.0,3,ExitOutfeed
177,3,0 days 00:10:41.457458,2.0,3,ExitOutfeed
183,0,0 days 00:10:41.612000,,3,Arrival
184,0,0 days 00:10:43.605000,,3,Arrival
180,3,0 days 00:10:45.047186,0.0,3,ExitOutfeed
185,0,0 days 00:10:45.599000,,3,Arrival
186,0,0 days 00:10:46.260000,,3,Arrival
181,1,0 days 00:10:46.547000,,3,EnterScanner
182,1,0 days 00:10:47.601000,,3,EnterScanner
179,3,0 days 00:10:48.651030,1.0,3,ExitOutfeed
183,1,0 days 00:10:49.487000,,3,EnterScanner
187,0,0 days 00:10:50.097000,,3,Arrival
178,3,0 days 00:10:50.121007,2.0,3,ExitOutfeed
184,1,0 days 00:10:51.480000,,3,EnterScanner
188,0,0 days 00:10:52.019000,,3,Arrival
183,2,0 days 00:10:53.237000,0.0,3,EnterOutfeed
185,1,0 days 00:10:53.474000,,3,EnterScanner
186,1,0 days 00:10:54.135000,,3,EnterScanner
182,2,0 days 00:10:54.476000,1.0,3,EnterOutfeed
189,0,0 days 00:10:55.988000,,3,Arrival
181,2,0 days 00:10:56.547000,2.0,3,EnterOutfeed
185,2,0 days 00:10:57.224000,0.0,3,EnterOutfeed
187,1,0 days 00:10:57.972000,,3,EnterScanner
184,2,0 days 00:10:58.355000,1.0,3,EnterOutfeed
182,3,0 days 00:10:59.841820,1.0,3,ExitOutfeed
188,1,0 days 00:10:59.894000,,3,EnterScanner
183,3,0 days 00:11:00.615643,0.0,3,ExitOutfeed
190,0,0 days 00:11:02.402000,,3,Arrival
188,2,0 days 00:11:03.644000,0.0,3,EnterOutfeed
189,1,0 days 00:11:03.863000,,3,EnterScanner
186,2,0 days 00:11:04.135000,2.0,3,EnterOutfeed
181,3,0 days 00:11:04.471700,2.0,3,ExitOutfeed
184,3,0 days 00:11:05.400618,1.0,3,ExitOutfeed
185,3,0 days 00:11:05.687183,0.0,3,ExitOutfeed
191,0,0 days 00:11:07.667000,,3,Arrival
187,2,0 days 00:11:07.972000,2.0,3,EnterOutfeed
192,0,0 days 00:11:08.512000,,3,Arrival
190,1,0 days 00:11:10.277000,,3,EnterScanner
189,2,0 days 00:11:10.738000,1.0,3,EnterOutfeed
193,0,0 days 00:11:11.404000,,3,Arrival
186,3,0 days 00:11:11.661839,2.0,3,ExitOutfeed
194,0,0 days 00:11:12.644000,,3,Arrival
188,3,0 days 00:11:13.944327,0.0,3,ExitOutfeed
195,0,0 days 00:11:14.497000,,3,Arrival
191,1,0 days 00:11:15.542000,,3,EnterScanner
196,0,0 days 00:11:15.913000,,3,Arrival
189,3,0 days 00:11:16.122736,1.0,3,ExitOutfeed
192,1,0 days 00:11:16.387000,,3,EnterScanner
197,0,0 days 00:11:18.267000,,3,Arrival
187,3,0 days 00:11:18.658166,2.0,3,ExitOutfeed
198,0,0 days 00:11:19.014000,,3,Arrival
193,1,0 days 00:11:19.279000,,3,EnterScanner
191,2,0 days 00:11:19.292000,0.0,3,EnterOutfeed
190,2,0 days 00:11:20.277000,2.0,3,EnterOutfeed
194,1,0 days 00:11:20.519000,,3,EnterScanner
199,0,0 days 00:11:21.524000,,3,Arrival
195,1,0 days 00:11:22.372000,,3,EnterScanner
200,0,0 days 00:11:22.871000,,3,Arrival
192,2,0 days 00:11:23.262000,1.0,3,EnterOutfeed
196,1,0 days 00:11:23.788000,,3,EnterScanner
194,2,0 days 00:11:24.269000,0.0,3,EnterOutfeed
201,0,0 days 00:11:25.856000,,3,Arrival
191,3,0 days 00:11:25.940587,0.0,3,ExitOutfeed
197,1,0 days 00:11:26.142000,,3,EnterScanner
202,0,0 days 00:11:26.439000,,3,Arrival
198,1,0 days 00:11:26.889000,,3,EnterScanner
190,3,0 days 00:11:26.969663,2.0,3,ExitOutfeed
196,2,0 days 00:11:27.538000,0.0,3,EnterOutfeed
193,2,0 days 00:11:29.279000,2.0,3,EnterOutfeed
199,1,0 days 00:11:29.399000,,3,EnterScanner
203,0,0 days 00:11:29.754000,,3,Arrival
192,3,0 days 00:11:30.141527,1.0,3,ExitOutfeed
204,0,0 days 00:11:30.345000,,3,Arrival
198,2,0 days 00:11:30.639000,0.0,3,EnterOutfeed
200,1,0 days 00:11:30.746000,,3,EnterScanner
205,0,0 days 00:11:32.312000,,3,Arrival
195,2,0 days 00:11:32.372000,2.0,3,EnterOutfeed
197,2,0 days 00:11:33.017000,1.0,3,EnterOutfeed
199,2,0 days 00:11:33.149000,0.0,3,EnterOutfeed
194,3,0 days 00:11:33.716922,0.0,3,ExitOutfeed
201,1,0 days 00:11:33.731000,,3,EnterScanner
206,0,0 days 00:11:33.852000,,3,Arrival
202,1,0 days 00:11:34.314000,,3,EnterScanner
193,3,0 days 00:11:35.058253,2.0,3,ExitOutfeed
200,2,0 days 00:11:37.621000,1.0,3,EnterOutfeed
203,1,0 days 00:11:37.629000,,3,EnterScanner
204,1,0 days 00:11:38.220000,,3,EnterScanner
208,0,0 days 00:11:38.723000,,3,Arrival
197,3,0 days 00:11:39.213356,1.0,3,ExitOutfeed
205,1,0 days 00:11:40.187000,,3,EnterScanner
209,0,0 days 00:11:40.721000,,3,Arrival
203,2,0 days 00:11:41.379000,0.0,3,EnterOutfeed
196,3,0 days 00:11:41.721549,0.0,3,ExitOutfeed
206,1,0 days 00:11:41.727000,,3,EnterScanner
204,2,0 days 00:11:41.970000,0.0,3,EnterOutfeed
195,3,0 days 00:11:42.109473,2.0,3,ExitOutfeed
201,2,0 days 00:11:43.731000,2.0,3,EnterOutfeed
205,2,0 days 00:11:43.937000,0.0,3,EnterOutfeed
202,2,0 days 00:11:44.314000,2.0,3,EnterOutfeed
206,2,0 days 00:11:45.477000,0.0,3,EnterOutfeed
210,0,0 days 00:11:46.541000,,3,Arrival
200,3,0 days 00:11:46.541107,1.0,3,ExitOutfeed
208,1,0 days 00:11:46.598000,,3,EnterScanner
209,1,0 days 00:11:48.596000,,3,EnterScanner
198,3,0 days 00:11:48.646719,0.0,3,ExitOutfeed
201,3,0 days 00:11:49.237303,2.0,3,ExitOutfeed
211,0,0 days 00:11:50.919000,,3,Arrival
212,0,0 days 00:11:53.395000,,3,Arrival
208,2,0 days 00:11:53.473000,1.0,3,EnterOutfeed
210,1,0 days 00:11:54.416000,,3,EnterScanner
202,3,0 days 00:11:54.985386,2.0,3,ExitOutfeed
199,3,0 days 00:11:56.939326,0.0,3,ExitOutfeed
213,0,0 days 00:11:58.771000,,3,Arrival
211,1,0 days 00:11:58.794000,,3,EnterScanner
208,3,0 days 00:11:59.933049,1.0,3,ExitOutfeed
214,0,0 days 00:12:01.170000,,3,Arrival
212,1,0 days 00:12:01.270000,,3,EnterScanner
209,4,0 days 00:12:01.721000,,3,Recirculate
203,3,0 days 00:12:02.267836,0.0,3,ExitOutfeed
215,0,0 days 00:12:02.797000,,3,Arrival
210,2,0 days 00:12:04.416000,2.0,3,EnterOutfeed
212,2,0 days 00:12:05.020000,0.0,3,EnterOutfeed
211,2,0 days 00:12:05.669000,1.0,3,EnterOutfeed
213,1,0 days 00:12:06.646000,,3,EnterScanner
204,3,0 days 00:12:07.089879,0.0,3,ExitOutfeed
216,0,0 days 00:12:07.377000,,3,Arrival
214,1,0 days 00:12:09.045000,,3,EnterScanner
217,0,0 days 00:12:09.410000,,3,Arrival
210,3,0 days 00:12:09.773749,2.0,3,ExitOutfeed
215,1,0 days 00:12:10.672000,,3,EnterScanner
218,0,0 days 00:12:12.164000,,3,Arrival
214,2,0 days 00:12:12.795000,0.0,3,EnterOutfeed
205,3,0 days 00:12:13.646456,0.0,3,ExitOutfeed
211,3,0 days 00:12:14.219291,1.0,3,ExitOutfeed
216,1,0 days 00:12:15.252000,,3,EnterScanner
217,1,0 days 00:12:17.285000,,3,EnterScanner
213,4,0 days 00:12:19.771000,,3,Recirculate
218,1,0 days 00:12:20.039000,,3,EnterScanner
215,2,0 days 00:12:20.672000,2.0,3,EnterOutfeed
219,0,0 days 00:12:22.015000,,3,Arrival
206,3,0 days 00:12:22.097608,0.0,3,ExitOutfeed
209,1,0 days 00:12:25.221000,,3,EnterScanner
216,2,0 days 00:12:25.252000,2.0,3,EnterOutfeed
215,3,0 days 00:12:26.202087,2.0,3,ExitOutfeed
212,3,0 days 00:12:27.067825,0.0,3,ExitOutfeed
217,2,0 days 00:12:27.285000,2.0,3,EnterOutfeed
220,0,0 days 00:12:27.651000,,3,Arrival
221,0,0 days 00:12:28.772000,,3,Arrival
209,2,0 days 00:12:28.971000,0.0,3,EnterOutfeed
219,1,0 days 00:12:29.890000,,3,EnterScanner
218,2,0 days 00:12:30.039000,2.0,3,EnterOutfeed
222,0,0 days 00:12:32.482000,,3,Arrival
223,0,0 days 00:12:33.529000,,3,Arrival
216,3,0 days 00:12:33.848242,2.0,3,ExitOutfeed
224,0,0 days 00:12:35.153000,,3,Arrival
220,1,0 days 00:12:35.526000,,3,EnterScanner
214,3,0 days 00:12:35.741086,0.0,3,ExitOutfeed
221,1,0 days 00:12:36.647000,,3,EnterScanner
219,2,0 days 00:12:36.765000,1.0,3,EnterOutfeed
225,0,0 days 00:12:37.854000,,3,Arrival
226,0,0 days 00:12:38.827000,,3,Arrival
220,2,0 days 00:12:39.276000,0.0,3,EnterOutfeed
222,1,0 days 00:12:40.357000,,3,EnterScanner
221,2,0 days 00:12:40.397000,0.0,3,EnterOutfeed
217,3,0 days 00:12:41.021133,2.0,3,ExitOutfeed
209,3,0 days 00:12:41.182523,0.0,3,ExitOutfeed
223,1,0 days 00:12:41.404000,,3,EnterScanner
227,0,0 days 00:12:41.722000,,3,Arrival
224,1,0 days 00:12:43.028000,,3,EnterScanner
213,1,0 days 00:12:43.271000,,3,EnterScanner
219,3,0 days 00:12:44.636981,1.0,3,ExitOutfeed
228,0,0 days 00:12:44.985000,,3,Arrival
225,1,0 days 00:12:45.729000,,3,EnterScanner
226,1,0 days 00:12:46.702000,,3,EnterScanner
213,2,0 days 00:12:47.021000,0.0,3,EnterOutfeed
220,3,0 days 00:12:47.923629,0.0,3,ExitOutfeed
218,3,0 days 00:12:47.962792,2.0,3,ExitOutfeed
227,1,0 days 00:12:49.597000,,3,EnterScanner
222,2,0 days 00:12:50.357000,2.0,3,EnterOutfeed
223,2,0 days 00:12:51.404000,2.0,3,EnterOutfeed
229,0,0 days 00:12:51.769000,,3,Arrival
228,1,0 days 00:12:52.860000,,3,EnterScanner
224,2,0 days 00:12:53.028000,2.0,3,EnterOutfeed
221,3,0 days 00:12:55.248430,0.0,3,ExitOutfeed
225,2,0 days 00:12:55.729000,2.0,3,EnterOutfeed
227,2,0 days 00:12:56.472000,1.0,3,EnterOutfeed
230,0,0 days 00:12:56.511000,,3,Arrival
222,3,0 days 00:12:56.548721,2.0,3,ExitOutfeed
226,2,0 days 00:12:56.702000,2.0,3,EnterOutfeed
231,0,0 days 00:12:57.899000,,3,Arrival
229,1,0 days 00:12:59.644000,,3,EnterScanner
228,2,0 days 00:12:59.735000,1.0,3,EnterOutfeed
232,0,0 days 00:12:59.991000,,3,Arrival
213,3,0 days 00:13:00.691599,0.0,3,ExitOutfeed
223,3,0 days 00:13:02.943047,2.0,3,ExitOutfeed
227,3,0 days 00:13:03.961447,1.0,3,ExitOutfeed
230,1,0 days 00:13:04.386000,,3,EnterScanner
233,0,0 days 00:13:05.131000,,3,Arrival
231,1,0 days 00:13:05.774000,,3,EnterScanner
232,1,0 days 00:13:07.866000,,3,EnterScanner
224,3,0 days 00:13:07.884711,2.0,3,ExitOutfeed
234,0,0 days 00:13:08.467000,,3,Arrival
228,3,0 days 00:13:09.175074,1.0,3,ExitOutfeed
229,2,0 days 00:13:09.644000,2.0,3,EnterOutfeed
232,2,0 days 00:13:11.616000,0.0,3,EnterOutfeed
233,1,0 days 00:13:13.006000,,3,EnterScanner
225,3,0 days 00:13:14.227067,2.0,3,ExitOutfeed
230,2,0 days 00:13:14.386000,2.0,3,EnterOutfeed
235,0,0 days 00:13:15.054000,,3,Arrival
231,2,0 days 00:13:15.774000,2.0,3,EnterOutfeed
236,0,0 days 00:13:16.122000,,3,Arrival
234,1,0 days 00:13:16.342000,,3,EnterScanner
233,2,0 days 00:13:16.756000,0.0,3,EnterOutfeed
232,3,0 days 00:13:19.934546,0.0,3,ExitOutfeed
226,3,0 days 00:13:21.199012,2.0,3,ExitOutfeed
235,1,0 days 00:13:22.929000,,3,EnterScanner
236,1,0 days 00:13:23.997000,,3,EnterScanner
237,0,0 days 00:13:24.656000,,3,Arrival
233,3,0 days 00:13:24.978004,0.0,3,ExitOutfeed
234,2,0 days 00:13:26.342000,2.0,3,EnterOutfeed
235,2,0 days 00:13:26.679000,0.0,3,EnterOutfeed
229,3,0 days 00:13:28.308530,2.0,3,ExitOutfeed
237,1,0 days 00:13:32.531000,,3,EnterScanner
230,3,0 days 00:13:33.212358,2.0,3,ExitOutfeed
236,2,0 days 00:13:33.997000,2.0,3,EnterOutfeed
235,3,0 days 00:13:34.031151,0.0,3,ExitOutfeed
237,2,0 days 00:13:36.281000,0.0,3,EnterOutfeed
238,0,0 days 00:13:36.595000,,3,Arrival
239,0,0 days 00:13:38.746000,,3,Arrival
231,3,0 days 00:13:42.159893,2.0,3,ExitOutfeed
237,3,0 days 00:13:43.602032,0.0,3,ExitOutfeed
238,1,0 days 00:13:44.470000,,3,EnterScanner
239,1,0 days 00:13:46.621000,,3,EnterScanner
238,2,0 days 00:13:48.220000,0.0,3,EnterOutfeed
234,3,0 days 00:13:50.996869,2.0,3,ExitOutfeed
240,0,0 days 00:13:51.926000,,3,Arrival
241,0,0 days 00:13:55.901000,,3,Arrival
236,3,0 days 00:13:55.913754,2.0,3,ExitOutfeed
239,2,0 days 00:13:56.621000,2.0,3,EnterOutfeed
238,3,0 days 00:13:57.069821,0.0,3,ExitOutfeed
240,1,0 days 00:13:59.801000,,3,EnterScanner
239,3,0 days 00:14:01.914530,2.0,3,ExitOutfeed
242,0,0 days 00:14:03.697000,,3,Arrival
241,1,0 days 00:14:03.776000,,3,EnterScanner
240,2,0 days 00:14:06.676000,1.0,3,EnterOutfeed
243,0,0 days 00:14:07.387000,,3,Arrival
244,0,0 days 00:14:08.555000,,3,Arrival
245,0,0 days 00:14:10.161000,,3,Arrival
246,0,0 days 00:14:11.424000,,3,Arrival
242,1,0 days 00:14:11.572000,,3,EnterScanner
240,3,0 days 00:14:13.042538,1.0,3,ExitOutfeed
241,2,0 days 00:14:13.776000,2.0,3,EnterOutfeed
247,0,0 days 00:14:14.721000,,3,Arrival
243,1,0 days 00:14:15.262000,,3,EnterScanner
244,1,0 days 00:14:16.430000,,3,EnterScanner
248,0,0 days 00:14:17.819000,,3,Arrival
245,1,0 days 00:14:18.036000,,3,EnterScanner
249,0,0 days 00:14:18.269000,,3,Arrival
246,1,0 days 00:14:19.299000,,3,EnterScanner
241,3,0 days 00:14:21.138343,2.0,3,ExitOutfeed
242,2,0 days 00:14:21.572000,2.0,3,EnterOutfeed
247,1,0 days 00:14:22.596000,,3,EnterScanner
246,2,0 days 00:14:23.049000,0.0,3,EnterOutfeed
250,0,0 days 00:14:24.061000,,3,Arrival
251,0,0 days 00:14:24.952000,,3,Arrival
243,2,0 days 00:14:25.262000,2.0,3,EnterOutfeed
248,1,0 days 00:14:25.694000,,3,EnterScanner
249,1,0 days 00:14:26.144000,,3,EnterScanner
244,2,0 days 00:14:26.430000,2.0,3,EnterOutfeed
252,0,0 days 00:14:27.992000,,3,Arrival
245,2,0 days 00:14:28.036000,2.0,3,EnterOutfeed
242,3,0 days 00:14:28.835043,2.0,3,ExitOutfeed
246,3,0 days 00:14:29.313536,0.0,3,ExitOutfeed
248,2,0 days 00:14:29.444000,0.0,3,EnterOutfeed
249,2,0 days 00:14:29.894000,0.0,3,EnterOutfeed
250,1,0 days 00:14:31.936000,,3,EnterScanner
247,2,0 days 00:14:32.596000,2.0,3,EnterOutfeed
251,1,0 days 00:14:32.827000,,3,EnterScanner
243,3,0 days 00:14:33.711177,2.0,3,ExitOutfeed
248,3,0 days 00:14:34.382772,0.0,3,ExitOutfeed
253,0,0 days 00:14:34.820000,,3,Arrival
254,0,0 days 00:14:35.693000,,3,Arrival
252,1,0 days 00:14:35.867000,,3,EnterScanner
255,0,0 days 00:14:38.725000,,3,Arrival
250,2,0 days 00:14:38.811000,1.0,3,EnterOutfeed
249,3,0 days 00:14:39.716862,0.0,3,ExitOutfeed
256,0,0 days 00:14:42.252000,,3,Arrival
244,3,0 days 00:14:42.339457,2.0,3,ExitOutfeed
253,1,0 days 00:14:42.695000,,3,EnterScanner
252,2,0 days 00:14:42.742000,1.0,3,EnterOutfeed
251,2,0 days 00:14:42.827000,2.0,3,EnterOutfeed
254,1,0 days 00:14:43.568000,,3,EnterScanner
257,0,0 days 00:14:43.858000,,3,Arrival
258,0,0 days 00:14:45.338000,,3,Arrival
250,3,0 days 00:14:45.651284,1.0,3,ExitOutfeed
255,1,0 days 00:14:46.600000,,3,EnterScanner
254,2,0 days 00:14:47.318000,0.0,3,EnterOutfeed
245,3,0 days 00:14:48.764441,2.0,3,ExitOutfeed
259,0,0 days 00:14:49.596000,,3,Arrival
256,1,0 days 00:14:50.127000,,3,EnterScanner
252,3,0 days 00:14:51.626698,1.0,3,ExitOutfeed
257,1,0 days 00:14:51.733000,,3,EnterScanner
253,2,0 days 00:14:52.695000,2.0,3,EnterOutfeed
258,1,0 days 00:14:53.213000,,3,EnterScanner
254,3,0 days 00:14:53.915682,0.0,3,ExitOutfeed
260,0,0 days 00:14:54.296000,,3,Arrival
257,2,0 days 00:14:55.483000,0.0,3,EnterOutfeed
261,0,0 days 00:14:55.753000,,3,Arrival
247,3,0 days 00:14:55.904497,2.0,3,ExitOutfeed
255,2,0 days 00:14:56.600000,2.0,3,EnterOutfeed
258,2,0 days 00:14:56.963000,0.0,3,EnterOutfeed
259,1,0 days 00:14:57.471000,,3,EnterScanner
262,0,0 days 00:14:57.490000,,3,Arrival
256,2,0 days 00:15:00.127000,2.0,3,EnterOutfeed
251,3,0 days 00:15:01.005704,2.0,3,ExitOutfeed
263,0,0 days 00:15:01.272000,,3,Arrival
257,3,0 days 00:15:02.111388,0.0,3,ExitOutfeed
260,1,0 days 00:15:02.171000,,3,EnterScanner
261,1,0 days 00:15:03.628000,,3,EnterScanner
264,0,0 days 00:15:03.965000,,3,Arrival
259,2,0 days 00:15:04.346000,1.0,3,EnterOutfeed
262,1,0 days 00:15:05.365000,,3,EnterScanner
261,2,0 days 00:15:07.378000,0.0,3,EnterOutfeed
253,3,0 days 00:15:07.819897,2.0,3,ExitOutfeed
265,0,0 days 00:15:07.905000,,3,Arrival
262,2,0 days 00:15:09.115000,0.0,3,EnterOutfeed
263,1,0 days 00:15:09.147000,,3,EnterScanner
258,3,0 days 00:15:10.003637,0.0,3,ExitOutfeed
264,1,0 days 00:15:11.840000,,3,EnterScanner
260,2,0 days 00:15:12.171000,2.0,3,EnterOutfeed
259,3,0 days 00:15:13.571222,1.0,3,ExitOutfeed
255,3,0 days 00:15:14.481852,2.0,3,ExitOutfeed
266,0,0 days 00:15:15.241000,,3,Arrival
265,1,0 days 00:15:15.780000,,3,EnterScanner
261,3,0 days 00:15:17.548550,0.0,3,ExitOutfeed
267,0,0 days 00:15:18.469000,,3,Arrival
263,2,0 days 00:15:19.147000,2.0,3,EnterOutfeed
256,3,0 days 00:15:20.535394,2.0,3,ExitOutfeed
264,2,0 days 00:15:21.840000,2.0,3,EnterOutfeed
262,3,0 days 00:15:23.065072,0.0,3,ExitOutfeed
266,1,0 days 00:15:23.116000,,3,EnterScanner
268,0,0 days 00:15:23.823000,,3,Arrival
265,2,0 days 00:15:25.780000,2.0,3,EnterOutfeed
267,1,0 days 00:15:26.344000,,3,EnterScanner
260,3,0 days 00:15:26.639219,2.0,3,ExitOutfeed
266,2,0 days 00:15:26.866000,0.0,3,EnterOutfeed
269,0,0 days 00:15:29.526000,,3,Arrival
267,2,0 days 00:15:30.094000,0.0,3,EnterOutfeed
270,0,0 days 00:15:31.604000,,3,Arrival
268,1,0 days 00:15:31.698000,,3,EnterScanner
263,3,0 days 00:15:32.636550,2.0,3,ExitOutfeed
266,3,0 days 00:15:33.467741,0.0,3,ExitOutfeed
271,0,0 days 00:15:35.323000,,3,Arrival
268,2,0 days 00:15:35.448000,0.0,3,EnterOutfeed
269,1,0 days 00:15:37.401000,,3,EnterScanner
264,3,0 days 00:15:38.677005,2.0,3,ExitOutfeed
270,1,0 days 00:15:39.479000,,3,EnterScanner
267,3,0 days 00:15:39.555283,0.0,3,ExitOutfeed
271,1,0 days 00:15:43.198000,,3,EnterScanner
270,2,0 days 00:15:43.229000,0.0,3,EnterOutfeed
268,3,0 days 00:15:45.035680,0.0,3,ExitOutfeed
265,3,0 days 00:15:45.693491,2.0,3,ExitOutfeed
272,0,0 days 00:15:47.144000,,3,Arrival
269,2,0 days 00:15:47.401000,2.0,3,EnterOutfeed
270,3,0 days 00:15:52.491126,0.0,3,ExitOutfeed
271,2,0 days 00:15:53.198000,2.0,3,EnterOutfeed
273,0,0 days 00:15:53.690000,,3,Arrival
269,3,0 days 00:15:53.893999,2.0,3,ExitOutfeed
272,1,0 days 00:15:55.019000,,3,EnterScanner
274,0,0 days 00:15:55.284000,,3,Arrival
275,0,0 days 00:15:58.641000,,3,Arrival
271,3,0 days 00:15:59.062979,2.0,3,ExitOutfeed
273,1,0 days 00:16:01.565000,,3,EnterScanner
276,0,0 days 00:16:02.771000,,3,Arrival
274,1,0 days 00:16:03.159000,,3,EnterScanner
277,0,0 days 00:16:04.368000,,3,Arrival
272,2,0 days 00:16:05.019000,2.0,3,EnterOutfeed
278,0,0 days 00:16:05.634000,,3,Arrival
275,1,0 days 00:16:06.516000,,3,EnterScanner
274,2,0 days 00:16:06.909000,0.0,3,EnterOutfeed
276,1,0 days 00:16:10.646000,,3,EnterScanner
274,3,0 days 00:16:11.546559,0.0,3,ExitOutfeed
273,2,0 days 00:16:11.565000,2.0,3,EnterOutfeed
272,3,0 days 00:16:11.777235,2.0,3,ExitOutfeed
277,1,0 days 00:16:12.243000,,3,EnterScanner
279,0,0 days 00:16:12.663000,,3,Arrival
278,1,0 days 00:16:13.509000,,3,EnterScanner
280,0,0 days 00:16:14.800000,,3,Arrival
277,2,0 days 00:16:15.993000,0.0,3,EnterOutfeed
275,2,0 days 00:16:16.516000,2.0,3,EnterOutfeed
281,0,0 days 00:16:17.228000,,3,Arrival
278,2,0 days 00:16:17.259000,0.0,3,EnterOutfeed
273,3,0 days 00:16:18.111345,2.0,3,ExitOutfeed
282,0,0 days 00:16:18.160000,,3,Arrival
283,0,0 days 00:16:19.281000,,3,Arrival
279,1,0 days 00:16:20.538000,,3,EnterScanner
276,2,0 days 00:16:20.646000,2.0,3,EnterOutfeed
280,1,0 days 00:16:22.675000,,3,EnterScanner
277,3,0 days 00:16:23.734868,0.0,3,ExitOutfeed
284,0,0 days 00:16:24.505000,,3,Arrival
275,3,0 days 00:16:24.756485,2.0,3,ExitOutfeed
281,1,0 days 00:16:25.103000,,3,EnterScanner
282,1,0 days 00:16:26.035000,,3,EnterScanner
283,1,0 days 00:16:27.156000,,3,EnterScanner
285,0,0 days 00:16:27.339000,,3,Arrival
280,2,0 days 00:16:29.550000,1.0,3,EnterOutfeed
286,0,0 days 00:16:29.581000,,3,Arrival
278,3,0 days 00:16:30.315912,0.0,3,ExitOutfeed
279,2,0 days 00:16:30.538000,2.0,3,EnterOutfeed
283,2,0 days 00:16:30.906000,0.0,3,EnterOutfeed
276,3,0 days 00:16:31.340381,2.0,3,ExitOutfeed
287,0,0 days 00:16:31.653000,,3,Arrival
284,1,0 days 00:16:32.380000,,3,EnterScanner
288,0,0 days 00:16:32.456000,,3,Arrival
289,0,0 days 00:16:35.062000,,3,Arrival
281,2,0 days 00:16:35.103000,2.0,3,EnterOutfeed
285,1,0 days 00:16:35.214000,,3,EnterScanner
282,2,0 days 00:16:36.035000,2.0,3,EnterOutfeed
290,0,0 days 00:16:36.666000,,3,Arrival
286,1,0 days 00:16:37.456000,,3,EnterScanner
280,3,0 days 00:16:37.945081,1.0,3,ExitOutfeed
291,0,0 days 00:16:38.087000,,3,Arrival
283,3,0 days 00:16:38.719138,0.0,3,ExitOutfeed
285,2,0 days 00:16:38.964000,0.0,3,EnterOutfeed
284,2,0 days 00:16:39.255000,1.0,3,EnterOutfeed
279,3,0 days 00:16:39.380121,2.0,3,ExitOutfeed
287,1,0 days 00:16:39.528000,,3,EnterScanner
288,1,0 days 00:16:40.331000,,3,EnterScanner
286,2,0 days 00:16:41.206000,0.0,3,EnterOutfeed
289,1,0 days 00:16:42.937000,,3,EnterScanner
287,2,0 days 00:16:43.278000,0.0,3,EnterOutfeed
290,1,0 days 00:16:44.541000,,3,EnterScanner
285,3,0 days 00:16:45.107120,0.0,3,ExitOutfeed
291,1,0 days 00:16:45.962000,,3,EnterScanner
289,2,0 days 00:16:46.687000,0.0,3,EnterOutfeed
284,3,0 days 00:16:46.802059,1.0,3,ExitOutfeed
281,3,0 days 00:16:47.014517,2.0,3,ExitOutfeed
288,2,0 days 00:16:47.206000,1.0,3,EnterOutfeed
293,0,0 days 00:16:48.594000,,3,Arrival
291,2,0 days 00:16:49.712000,0.0,3,EnterOutfeed
294,0,0 days 00:16:50.950000,,3,Arrival
295,0,0 days 00:16:52.405000,,3,Arrival
288,3,0 days 00:16:52.948458,1.0,3,ExitOutfeed
286,3,0 days 00:16:53.183605,0.0,3,ExitOutfeed
290,2,0 days 00:16:54.541000,2.0,3,EnterOutfeed
282,3,0 days 00:16:55.267817,2.0,3,ExitOutfeed
293,1,0 days 00:16:56.469000,,3,EnterScanner
294,1,0 days 00:16:58.825000,,3,EnterScanner
287,3,0 days 00:16:59.393035,0.0,3,ExitOutfeed
293,2,0 days 00:17:00.219000,0.0,3,EnterOutfeed
295,1,0 days 00:17:00.280000,,3,EnterScanner
296,0,0 days 00:17:01.732000,,3,Arrival
290,3,0 days 00:17:02.638223,2.0,3,ExitOutfeed
295,2,0 days 00:17:04.030000,0.0,3,EnterOutfeed
297,0,0 days 00:17:04.363000,,3,Arrival
289,3,0 days 00:17:06.547601,0.0,3,ExitOutfeed
298,0,0 days 00:17:06.764000,,3,Arrival
299,0,0 days 00:17:07.541000,,3,Arrival
294,2,0 days 00:17:08.825000,2.0,3,EnterOutfeed
296,1,0 days 00:17:09.607000,,3,EnterScanner
300,0,0 days 00:17:10.952000,,3,Arrival
297,1,0 days 00:17:12.238000,,3,EnterScanner
291,3,0 days 00:17:13.879439,0.0,3,ExitOutfeed
298,1,0 days 00:17:14.639000,,3,EnterScanner
299,1,0 days 00:17:15.416000,,3,EnterScanner
294,3,0 days 00:17:15.685063,2.0,3,ExitOutfeed
300,1,0 days 00:17:18.827000,,3,EnterScanner
299,2,0 days 00:17:19.166000,0.0,3,EnterOutfeed
296,2,0 days 00:17:19.607000,2.0,3,EnterOutfeed
297,2,0 days 00:17:22.238000,2.0,3,EnterOutfeed
293,3,0 days 00:17:22.946592,0.0,3,ExitOutfeed
298,2,0 days 00:17:24.639000,2.0,3,EnterOutfeed
296,3,0 days 00:17:25.037003,2.0,3,ExitOutfeed
300,2,0 days 00:17:25.702000,1.0,3,EnterOutfeed
295,3,0 days 00:17:29.494898,0.0,3,ExitOutfeed
297,3,0 days 00:17:31.755251,2.0,3,ExitOutfeed
300,3,0 days 00:17:33.705497,1.0,3,ExitOutfeed
299,3,0 days 00:17:37.472090,0.0,3,ExitOutfeed
298,3,0 days 00:17:38.880946,2.0,3,ExitOutfeed
